City_ID,City,Lat,Lng,Max Temp,Humidity,Wind Speed,Country,Current Desc,Rain,Snow
0,Lagoa,39.05,-27.98,68.83,78,16.42,PT,clear sky,0.0,0
1,Muros,42.78,-9.06,73.99,64,13.0,ES,clear sky,0.0,0
2,Ahuimanu,21.44,-157.84,84.2,48,16.11,US,broken clouds,0.0,0
3,Tuktoyaktuk,69.45,-133.04,57.2,67,9.17,CA,scattered clouds,0.0,0
4,Saint-Augustin,51.23,-58.65,62.01,95,14.85,CA,overcast clouds,0.0,0
5,Ushuaia,-54.8,-68.3,35.6,94,16.11,AR,scattered clouds,0.0,0
6,Marsa Matruh,31.35,27.25,77.0,73,11.41,EG,broken clouds,0.0,0
7,Bluff,-46.6,168.33,39.0,83,3.0,NZ,broken clouds,0.0,0
8,Kolomna,55.08,38.78,66.2,88,8.95,RU,clear sky,0.0,0
9,Hofn,64.25,-15.21,52.03,94,5.12,IS,moderate rain,1.4,0
10,Severo-Kurilsk,50.68,156.12,49.71,92,9.19,RU,overcast clouds,0.0,0
11,Sayyan,15.17,44.32,67.96,62,4.14,YE,light rain,0.21,0
12,Nikolskoye,59.7,30.79,55.4,76,4.47,RU,broken clouds,0.0,0
13,Akyab,20.15,92.9,81.79,85,5.26,MM,moderate rain,1.53,0
14,Asau,46.43,26.4,54.0,91,4.14,RO,light rain,0.53,0
15,Victoria,22.29,114.16,84.0,79,4.0,HK,few clouds,0.0,0
16,Assiniboia,49.63,-105.98,80.96,41,7.54,CA,overcast clouds,0.0,0
17,Bengkulu,-3.8,102.27,74.35,90,3.74,ID,broken clouds,0.0,0
18,Cape Town,-33.93,18.42,57.99,71,27.51,ZA,broken clouds,0.0,0
19,Busselton,-33.65,115.33,55.0,87,13.87,AU,light rain,0.12,0
20,Vao,-22.67,167.48,71.67,80,20.24,NC,broken clouds,0.0,0
21,Kodiak,57.79,-152.41,55.4,71,10.29,US,overcast clouds,0.0,0
22,Dongli,23.57,116.82,80.6,88,4.47,CN,scattered clouds,0.0,0
23,Provideniya,64.38,-173.3,51.8,71,6.71,RU,fog,0.0,0
24,Wadi Maliz,36.47,8.55,87.8,35,8.05,TN,clear sky,0.0,0
25,Rikitea,-23.12,-134.97,71.04,71,16.71,PF,clear sky,0.0,0
26,Tasiilaq,65.61,-37.64,41.0,86,11.41,GL,light intensity drizzle,0.0,0
27,Mahebourg,-20.41,57.7,71.6,73,14.99,MU,few clouds,0.0,0
28,Hermanus,-34.42,19.23,55.99,72,20.0,ZA,clear sky,0.0,0
29,Synya,65.37,58.04,53.56,93,8.75,RU,scattered clouds,0.0,0
30,Cidreira,-30.18,-50.21,57.63,89,10.63,BR,overcast clouds,0.0,0
31,Saint-Philippe,-21.36,55.77,68.0,72,6.93,RE,light rain,0.71,0
32,Moose Factory,51.26,-80.61,55.4,93,3.36,CA,overcast clouds,0.0,0
33,Arlit,18.74,7.39,99.03,13,6.76,NE,clear sky,0.0,0
34,Margate,51.38,1.39,61.0,66,1.99,GB,overcast clouds,0.0,0
35,Necochea,-38.55,-58.74,44.01,63,8.99,AR,scattered clouds,0.0,0
36,Punta Arenas,-53.15,-70.92,37.4,83,21.92,CL,scattered clouds,0.0,0
37,Zhanaozen,43.3,52.8,80.37,36,3.89,KZ,clear sky,0.0,0
38,Green River,41.53,-109.47,89.6,10,17.31,US,clear sky,0.0,0
39,Mar Del Plata,-38.0,-57.56,48.2,45,18.34,AR,scattered clouds,0.0,0
40,Pangkalanbuun,-2.68,111.62,72.73,97,1.9,ID,broken clouds,0.0,0
41,Lompoc,34.64,-120.46,77.0,60,17.22,US,clear sky,0.0,0
42,Khatanga,71.97,102.5,54.72,77,14.74,RU,overcast clouds,0.0,0
43,Shanghai,31.22,121.46,88.0,79,4.47,CN,light rain,0.12,0
44,Yellowknife,62.46,-114.35,66.2,59,8.05,CA,broken clouds,0.0,0
45,Chapais,49.78,-74.85,62.6,88,11.41,CA,overcast clouds,0.0,0
46,San Quintin,30.48,-115.95,79.47,52,12.57,MX,light rain,0.29,0
47,Kargopol,61.51,38.95,54.59,74,2.3,RU,overcast clouds,0.0,0
48,Calbuco,-41.77,-73.13,44.6,75,4.7,CL,scattered clouds,0.0,0
49,Albany,42.6,-73.97,90.0,38,1.99,US,clear sky,0.0,0
50,Phuket,8.0,98.25,84.0,100,10.27,TH,broken clouds,0.0,0
51,Plettenberg Bay,-34.05,23.37,64.44,30,13.56,ZA,clear sky,0.0,0
52,Avarua,-21.21,-159.78,69.8,94,6.93,CK,heavy intensity rain,0.0,0
53,Sao Joao Da Barra,-21.64,-41.05,77.0,65,13.87,BR,overcast clouds,0.0,0
54,Constitucion,-35.33,-72.42,55.63,76,6.24,CL,overcast clouds,0.0,0
55,Kaoma,-14.78,24.8,58.19,34,5.86,ZM,clear sky,0.0,0
56,Carnarvon,-24.87,113.63,57.2,93,8.05,AU,scattered clouds,0.0,0
57,Bubaque,11.28,-15.83,78.93,86,16.55,GW,light rain,0.7,0
58,Praia,14.92,-23.51,78.8,78,11.41,CV,broken clouds,0.0,0
59,Cabedelo,-6.98,-34.83,78.8,74,10.29,BR,few clouds,0.0,0
60,Monrovia,6.3,-10.8,77.0,94,8.77,LR,broken clouds,0.0,0
61,Bethel,41.37,-73.41,88.0,51,11.41,US,clear sky,0.0,0
62,Waingapu,-9.66,120.26,73.99,84,9.22,ID,overcast clouds,0.0,0
63,Mataura,-46.19,168.86,39.0,83,3.0,NZ,overcast clouds,0.0,0
64,Tsumeb,-19.23,17.72,53.58,34,7.78,NA,clear sky,0.0,0
65,Colesberg,-30.72,25.1,42.55,55,12.82,ZA,clear sky,0.0,0
66,Chokurdakh,70.63,147.92,61.21,56,10.42,RU,broken clouds,0.0,0
67,Butaritari,3.07,172.79,83.48,77,16.22,KI,light rain,0.17,0
68,Aswan,24.09,32.91,88.12,19,13.15,EG,scattered clouds,0.0,0
69,Khorixas,-20.37,14.97,57.11,36,6.55,NA,clear sky,0.0,0
70,Ialibu,-6.28,143.99,55.81,98,1.77,PG,overcast clouds,0.0,0
71,Amuntai,-2.42,115.25,73.04,98,1.5,ID,overcast clouds,0.0,0
72,Dikson,73.51,80.55,42.35,97,6.38,RU,overcast clouds,0.0,0
73,Marzuq,14.4,46.47,85.82,39,11.68,YE,broken clouds,0.0,0
74,Tanout,14.97,8.89,91.81,35,12.82,NE,light rain,0.27,0
75,Dongsheng,39.82,109.98,57.24,96,0.43,CN,clear sky,0.0,0
76,Bakchar,57.02,82.07,55.4,97,5.59,RU,overcast clouds,0.0,0
77,Tautira,-17.73,-149.15,82.4,61,6.93,PF,scattered clouds,0.0,0
78,Ayagoz,47.97,80.44,59.02,60,3.78,KZ,scattered clouds,0.0,0
79,Vanimo,-2.67,141.3,77.9,83,1.41,PG,light rain,0.9,0
80,Oranjemund,-28.55,16.43,55.29,78,10.74,NA,clear sky,0.0,0
81,Dalvik,65.97,-18.53,55.4,82,6.93,IS,light rain,0.0,0
82,Birao,10.28,22.79,76.66,78,4.27,CF,light rain,0.31,0
83,Aripuana,-9.17,-60.63,90.43,41,1.43,BR,scattered clouds,0.0,0
84,Kapaa,22.08,-159.32,82.4,65,16.11,US,scattered clouds,0.0,0
85,Miri,4.41,114.01,78.8,94,3.47,MY,scattered clouds,0.0,0
86,Lebu,-37.62,-73.65,50.22,89,5.79,CL,overcast clouds,0.0,0
87,Vaini,-21.2,-175.2,69.8,88,13.87,TO,broken clouds,0.0,0
88,Hofu,34.05,131.57,73.4,88,4.7,JP,light intensity shower rain,0.0,0
89,Chapada Dos Guimaraes,-15.46,-55.75,93.2,30,6.93,BR,few clouds,0.0,0
90,La Ronge,55.1,-105.28,75.2,50,12.75,CA,overcast clouds,0.0,0
91,Gamba,-2.65,10.0,70.9,91,6.64,GA,few clouds,0.0,0
92,Ribeira Grande,38.52,-28.7,71.6,78,13.87,PT,few clouds,0.0,0
93,Port Hedland,-20.32,118.57,57.2,24,6.93,AU,clear sky,0.0,0
94,Georgetown,5.41,100.34,80.6,94,3.04,MY,scattered clouds,0.0,0
95,Kahului,20.89,-156.47,87.8,40,20.8,US,few clouds,0.0,0
96,Davila,18.47,120.58,82.63,74,2.59,PH,overcast clouds,0.0,0
97,Palmer,42.16,-72.33,88.0,45,13.87,US,scattered clouds,0.0,0
98,Deseronto,44.2,-77.05,82.0,63,3.0,CA,moderate rain,1.04,0
99,Qaanaaq,77.48,-69.36,47.61,58,3.8,GL,overcast clouds,0.0,0
100,Kitob,39.08,66.83,74.97,34,2.55,UZ,scattered clouds,0.0,0
101,Hilo,19.73,-155.09,78.8,69,5.82,US,moderate rain,1.52,0
102,Kaifeng,34.79,114.35,66.2,93,6.71,CN,mist,0.0,0
103,Shaoxing,30.01,120.57,82.4,83,4.47,CN,overcast clouds,0.0,0
104,Yaan,7.38,8.57,74.12,94,5.53,NG,light rain,0.23,0
105,Kattivakkam,13.22,80.32,84.2,83,6.93,IN,broken clouds,0.0,0
106,Sabha,27.04,14.43,89.08,14,8.95,LY,clear sky,0.0,0
107,Hambantota,6.12,81.12,80.73,80,16.89,LK,overcast clouds,0.0,0
108,Chuy,-33.7,-53.46,48.54,72,8.97,UY,clear sky,0.0,0
109,Ranong,9.97,98.63,78.57,83,6.49,TH,light rain,0.49,0
110,Puerto Narino,-3.77,-70.38,87.8,66,4.7,CO,scattered clouds,0.0,0
111,Gulu,2.77,32.3,63.72,93,2.73,UG,scattered clouds,0.0,0
112,Bud,39.45,-86.18,82.99,57,3.36,US,scattered clouds,0.0,0
113,Port Alfred,-33.59,26.89,58.59,39,12.88,ZA,clear sky,0.0,0
114,Kokopo,-4.35,152.26,76.59,85,2.26,PG,light rain,0.35,0
115,Dingle,11.0,122.67,76.42,91,3.31,PH,light rain,0.13,0
116,Port-Gentil,-0.72,8.78,77.0,88,14.05,GA,broken clouds,0.0,0
117,Colares,38.8,-9.45,77.0,57,12.75,PT,clear sky,0.0,0
118,Felanitx,39.47,3.15,80.6,50,1.12,ES,clear sky,0.0,0
119,Elizabeth City,36.29,-76.25,95.0,46,11.41,US,clear sky,0.0,0
120,Zambezi,-13.54,23.1,59.58,39,4.83,ZM,clear sky,0.0,0
121,Fairbanks,64.84,-147.72,64.99,55,4.25,US,few clouds,0.0,0
122,Homer,59.64,-151.55,60.8,59,12.75,US,clear sky,0.0,0
123,Berlevag,70.86,29.09,46.4,87,6.93,NO,broken clouds,0.0,0
124,Guia De Isora,28.21,-16.78,73.99,73,16.11,ES,clear sky,0.0,0
125,Fortuna,40.6,-124.16,68.0,63,17.22,US,few clouds,0.0,0
126,Narsaq,60.92,-46.05,59.0,58,6.93,GL,overcast clouds,0.0,0
127,Jiangkou,25.49,119.2,80.6,88,4.47,CN,overcast clouds,0.0,0
128,Winnemucca,40.97,-117.74,93.2,5,11.41,US,clear sky,0.0,0
129,Batticaloa,7.71,81.69,81.45,76,7.52,LK,overcast clouds,0.0,0
130,Marica,-22.92,-42.82,86.0,54,6.93,BR,overcast clouds,0.0,0
131,Wokha,26.1,94.27,59.65,100,1.86,IN,moderate rain,2.72,0
132,Wattegama,6.8,81.48,78.53,69,5.68,LK,overcast clouds,0.0,0
133,Port Elizabeth,-33.92,25.57,55.4,66,5.82,ZA,clear sky,0.0,0
134,Tura,25.52,90.22,74.35,97,6.17,IN,moderate rain,1.18,0
135,Saldanha,-33.01,17.94,57.2,76,12.75,ZA,scattered clouds,0.0,0
136,New Norfolk,-42.78,147.06,37.99,91,2.21,AU,light rain,0.25,0
137,Praia Da Vitoria,38.73,-27.07,73.4,69,10.25,PT,few clouds,0.0,0
138,Cabra,37.47,-4.44,89.6,31,4.7,ES,clear sky,0.0,0
139,Great Yarmouth,52.61,1.73,60.01,81,1.01,GB,scattered clouds,0.0,0
140,Evensk,61.95,159.23,60.37,81,0.98,RU,light rain,0.14,0
141,Atuona,-9.8,-139.03,80.6,73,22.46,PF,clear sky,0.0,0
142,Maceio,-9.67,-35.74,77.0,73,5.82,BR,few clouds,0.0,0
143,Saint-Paul,-21.01,55.27,69.8,68,16.11,RE,few clouds,0.0,0
144,Saskylakh,71.92,114.08,59.54,72,16.42,RU,overcast clouds,0.0,0
145,Caravelas,-17.71,-39.25,71.74,80,4.29,BR,broken clouds,0.0,0
146,Lamar,33.67,-95.58,98.01,56,5.82,US,clear sky,0.0,0
147,Hobyo,5.35,48.53,79.83,74,21.27,SO,scattered clouds,0.0,0
148,Aleksandrovsk-Sakhalinskiy,50.9,142.16,59.79,86,2.55,RU,broken clouds,0.0,0
149,Toora-Khem,52.47,96.11,52.45,88,2.1,RU,overcast clouds,0.0,0
150,Hobart,-42.88,147.33,39.99,93,9.17,AU,broken clouds,0.0,0
151,Souillac,-20.52,57.52,71.6,73,14.99,MU,few clouds,0.0,0
152,Zhoucheng,35.91,116.31,71.01,82,7.67,CN,overcast clouds,0.0,0
153,Castro,-24.79,-50.01,62.22,74,7.76,BR,clear sky,0.0,0
154,Villazon,-22.09,-65.59,57.24,23,5.23,BO,clear sky,0.0,0
155,Salalah,17.02,54.09,82.4,88,4.7,OM,overcast clouds,0.0,0
156,Rio Gallegos,-51.62,-69.22,33.8,80,16.11,AR,clear sky,0.0,0
157,Xichang,27.9,102.26,66.61,79,3.36,CN,overcast clouds,0.0,0
158,Floro,61.6,5.03,53.6,71,2.1,NO,broken clouds,0.0,0
159,Nanfeng,23.74,111.8,76.41,93,1.68,CN,overcast clouds,0.0,0
160,Choma,-16.81,26.95,56.82,36,4.41,ZM,clear sky,0.0,0
161,Santa Luzia,-19.77,-43.85,78.8,38,4.7,BR,few clouds,0.0,0
162,Hays,30.05,-98.03,105.01,33,8.5,US,clear sky,0.0,0
163,Sarangani,5.4,125.46,82.02,70,1.5,PH,overcast clouds,0.0,0
164,Kidal,18.44,1.41,91.54,26,6.85,ML,broken clouds,0.0,0
165,Padang,-0.95,100.35,76.6,80,4.23,ID,light rain,0.23,0
166,Denpasar,-8.65,115.22,78.8,100,9.17,ID,scattered clouds,0.0,0
167,Lorengau,-2.02,147.27,81.03,76,2.53,PG,overcast clouds,0.0,0
168,Debno,52.74,14.7,61.0,65,3.76,PL,clear sky,0.0,0
169,Port Lincoln,-34.73,135.87,51.75,81,2.71,AU,clear sky,0.0,0
170,Bredasdorp,-34.53,20.04,48.2,66,2.24,ZA,clear sky,0.0,0
171,Bambous Virieux,-20.34,57.76,72.0,73,14.99,MU,few clouds,0.0,0
172,Olinda,-8.01,-34.86,80.6,65,9.17,BR,scattered clouds,0.0,0
173,Upernavik,72.79,-56.15,42.1,83,9.89,GL,overcast clouds,0.0,0
174,Santander,43.46,-3.8,72.0,77,1.12,ES,clear sky,0.0,0
175,Reshetylivka,49.56,34.08,67.6,67,8.43,UA,clear sky,0.0,0
176,Salamiyah,35.01,37.05,71.01,74,9.86,SY,clear sky,0.0,0
177,Melito Di Porto Salvo,37.92,15.77,78.8,83,4.7,IT,few clouds,0.0,0
178,Wewak,-3.55,143.63,78.58,82,0.6,PG,light rain,0.14,0
179,Mwene-Ditu,-7.0,23.45,70.56,57,2.26,CD,few clouds,0.0,0
180,Zhezkazgan,47.8,67.71,80.06,46,8.16,KZ,clear sky,0.0,0
181,Shitanjing,39.23,106.34,66.15,70,3.71,CN,clear sky,0.0,0
182,Havre-Saint-Pierre,50.23,-63.6,75.2,78,9.17,CA,few clouds,0.0,0
183,Canas,10.43,-85.09,87.8,66,11.41,CR,scattered clouds,0.0,0
184,Pocos De Caldas,-21.79,-46.56,60.51,73,0.94,BR,overcast clouds,0.0,0
185,Coquimbo,-29.95,-71.34,60.8,72,10.29,CL,broken clouds,0.0,0
186,Narrabri,-30.32,149.78,39.2,93,1.92,AU,overcast clouds,0.0,0
187,Clyde River,70.47,-68.59,44.6,87,10.29,CA,overcast clouds,0.0,0
188,Deputatskiy,69.3,139.9,62.51,57,4.25,RU,broken clouds,0.0,0
189,Barrow,71.29,-156.79,37.4,86,6.93,US,overcast clouds,0.0,0
190,East London,-33.02,27.91,59.58,55,18.79,ZA,clear sky,0.0,0
191,Almeirim,-1.52,-52.58,81.64,78,2.35,BR,scattered clouds,0.0,0
192,Esperantinopolis,-4.87,-44.71,80.44,56,2.01,BR,clear sky,0.0,0
193,Baker City,44.77,-117.83,78.8,31,10.29,US,scattered clouds,0.0,0
194,Namatanai,-3.67,152.43,75.92,90,8.95,PG,moderate rain,3.68,0
195,Bemidji,47.47,-94.88,81.0,47,4.7,US,scattered clouds,0.0,0
196,Dawlatabad,36.41,64.91,74.8,35,2.15,AF,clear sky,0.0,0
197,Swan River,52.11,-101.27,78.51,57,5.5,CA,overcast clouds,0.0,0
198,Pevek,69.7,170.31,48.54,72,3.98,RU,broken clouds,0.0,0
199,Fukue,32.69,128.84,78.01,93,17.67,JP,overcast clouds,0.0,0
200,Thompson,55.74,-97.86,71.6,56,6.93,CA,broken clouds,0.0,0
201,Puerto Ayora,-0.74,-90.35,70.0,86,1.99,EC,overcast clouds,0.0,0
202,Broken Hill,-31.95,141.43,42.8,93,10.29,AU,clear sky,0.0,0
203,Hoquiam,46.98,-123.89,64.0,72,14.99,US,broken clouds,0.0,0
204,Camacha,33.08,-16.33,69.8,73,14.99,PT,scattered clouds,0.0,0
205,Bridgton,44.05,-70.71,84.0,71,1.99,US,few clouds,0.0,0
206,Oussouye,12.48,-16.55,80.6,100,2.24,SN,broken clouds,0.0,0
207,Geraldton,-28.77,114.6,53.6,54,12.75,AU,clear sky,0.0,0
208,Stromness,58.97,-3.3,53.6,87,10.29,GB,overcast clouds,0.0,0
209,Kavieng,-2.57,150.8,82.36,71,3.4,PG,overcast clouds,0.0,0
210,Bandarbeyla,9.49,50.81,81.9,68,31.74,SO,broken clouds,0.0,0
211,Francistown,-21.17,27.51,53.6,27,6.93,BW,clear sky,0.0,0
212,Kenora,49.82,-94.43,75.2,50,4.7,CA,shower rain,0.0,0
213,Sibolga,1.74,98.78,75.34,80,4.54,ID,light rain,0.11,0
214,Kudahuvadhoo,2.67,72.89,84.15,67,2.93,MV,overcast clouds,0.0,0
215,Rock Sound,24.9,-76.2,83.52,77,11.97,BS,light rain,0.88,0
216,Touros,-5.2,-35.46,78.8,65,8.05,BR,few clouds,0.0,0
217,Katsuura,35.13,140.3,68.0,88,8.05,JP,light intensity shower rain,0.0,0
218,Mitsamiouli,-11.38,43.28,77.52,73,4.94,KM,clear sky,0.0,0
219,Ontario,34.06,-117.65,102.99,9,9.17,US,few clouds,0.0,0
220,Ocos,14.51,-92.19,89.6,70,11.41,GT,scattered clouds,0.0,0
221,Kaitangata,-46.28,169.85,37.0,76,4.0,NZ,clear sky,0.0,0
222,Torbay,47.67,-52.73,63.0,77,14.99,CA,broken clouds,0.0,0
223,Harboore,56.62,8.18,55.0,83,16.02,DK,broken clouds,0.0,0
224,Boa Vista,2.82,-60.67,78.8,83,9.17,BR,broken clouds,0.0,0
225,Tucurui,-3.77,-49.67,81.57,71,3.38,BR,overcast clouds,0.0,0
226,Kurchum,48.57,83.65,59.77,74,3.18,KZ,clear sky,0.0,0
227,Mogadishu,2.04,45.34,77.49,85,16.44,SO,light rain,0.81,0
228,Takoradi,4.88,-1.76,74.7,89,8.55,GH,scattered clouds,0.0,0
229,Nyaunglebin,17.95,96.73,75.97,93,6.11,MM,light rain,0.8,0
230,Freiburg,46.8,7.15,64.4,59,3.36,CH,scattered clouds,0.0,0
231,Yuancheng,36.65,107.79,61.05,88,2.06,CN,clear sky,0.0,0
232,Lavrentiya,65.58,-171.0,45.97,75,5.17,RU,clear sky,0.0,0
233,Buala,-8.14,159.59,81.59,81,14.18,SB,light rain,0.8,0
234,Esperance,-33.87,121.9,50.0,57,20.8,AU,clear sky,0.0,0
235,Angoche,-16.23,39.91,72.25,81,7.87,MZ,clear sky,0.0,0
236,Buchanan,5.88,-10.05,77.0,94,7.96,LR,broken clouds,0.0,0
237,Aljezur,37.32,-8.8,82.0,57,7.23,PT,clear sky,0.0,0
238,Los Llanos De Aridane,28.66,-17.92,73.4,73,12.75,ES,few clouds,0.0,0
239,Beringovskiy,63.05,179.32,50.54,82,10.29,RU,overcast clouds,0.0,0
240,Yuxia,34.06,108.63,73.99,94,4.47,CN,broken clouds,0.0,0
241,Kampot,10.62,104.18,79.84,81,3.69,KH,overcast clouds,0.0,0
242,Mao,39.89,4.27,75.2,44,4.7,ES,broken clouds,0.0,0
243,Arraial Do Cabo,-22.97,-42.03,84.2,51,8.05,BR,broken clouds,0.0,0
244,Taoudenni,22.68,-3.98,98.64,28,3.76,ML,broken clouds,0.0,0
245,Novikovo,51.15,37.89,65.98,68,5.17,RU,clear sky,0.0,0
246,Airai,-8.93,125.41,55.67,94,4.23,TL,overcast clouds,0.0,0
247,Goma,-1.68,29.22,63.3,77,2.66,CD,light rain,0.17,0
248,Aklavik,68.22,-135.01,53.6,76,4.7,CA,broken clouds,0.0,0
249,Hithadhoo,-0.6,73.08,85.28,69,7.78,MV,overcast clouds,0.0,0
250,Sitka,57.05,-135.33,57.2,82,4.7,US,broken clouds,0.0,0
251,Kununurra,-15.77,128.73,66.2,30,6.93,AU,overcast clouds,0.0,0
252,Rawson,-43.3,-65.1,43.52,57,21.3,AR,clear sky,0.0,0
253,Bobcaygeon,44.55,-78.54,80.6,54,8.05,CA,few clouds,0.0,0
254,Atar,20.52,-13.05,95.58,31,4.74,MR,clear sky,0.0,0
255,Wanning,18.8,110.4,80.76,89,9.19,CN,few clouds,0.0,0
256,Tripoli,32.88,13.19,76.6,74,9.48,LY,clear sky,0.0,0
257,Mudon,16.26,97.72,76.82,94,5.88,MM,moderate rain,2.4,0
258,Ode,7.79,5.71,70.25,98,5.91,NG,light rain,0.33,0
259,Lyantonde,-0.4,31.16,66.54,72,4.09,UG,broken clouds,0.0,0
260,Faanui,-16.48,-151.75,79.16,73,16.04,PF,overcast clouds,0.0,0
261,Ampanihy,-24.7,44.75,64.65,80,7.16,MG,scattered clouds,0.0,0
262,Naurskaya,43.65,45.31,78.8,69,8.63,RU,scattered clouds,0.0,0
263,Ambilobe,-13.2,49.05,67.48,76,3.47,MG,few clouds,0.0,0
264,Harper,4.38,-7.72,75.15,80,7.58,LR,broken clouds,0.0,0
265,Talnakh,69.49,88.4,53.6,93,11.18,RU,broken clouds,0.0,0
266,Severomuysk,56.15,113.43,57.42,73,0.76,RU,scattered clouds,0.0,0
267,Quatre Cocos,-20.21,57.76,72.0,73,14.99,MU,few clouds,0.0,0
268,Ucluelet,48.93,-125.55,62.6,67,14.99,CA,scattered clouds,0.0,0
269,Hualmay,-11.1,-77.61,66.0,68,7.31,PE,clear sky,0.0,0
270,Saint George,37.1,-113.58,109.99,12,4.7,US,clear sky,0.0,0
271,Mumford,5.26,-0.76,74.82,89,9.64,GH,scattered clouds,0.0,0
272,Kalmunai,7.42,81.82,81.88,78,5.28,LK,overcast clouds,0.0,0
273,Douentza,15.0,-2.95,93.25,37,5.84,ML,scattered clouds,0.0,0
274,College,64.86,-147.8,64.99,55,4.14,US,broken clouds,0.0,0
275,Mbini,1.57,9.61,75.76,89,9.04,GQ,light rain,0.19,0
276,Dunedin,-45.87,170.5,42.01,79,4.0,NZ,clear sky,0.0,0
277,Acapulco,16.86,-99.89,87.8,66,4.7,MX,broken clouds,0.0,0
278,Cherskiy,68.75,161.3,52.54,93,3.27,RU,overcast clouds,0.0,0
279,Daru,-9.08,143.21,77.07,89,16.08,PG,moderate rain,1.56,0
280,Charlestown,-32.95,151.67,46.99,96,4.94,AU,clear sky,0.0,0
281,Jamestown,42.1,-79.24,75.0,60,12.75,US,clear sky,0.0,0
282,Nouadhibou,20.93,-17.03,73.4,78,10.29,MR,clear sky,0.0,0
283,Itarema,-2.92,-39.92,78.44,79,14.0,BR,light rain,0.22,0
284,Lar,26.2,83.97,84.99,76,5.55,IN,moderate rain,2.4,0
285,Hurghada,27.26,33.81,89.6,35,10.29,EG,clear sky,0.0,0
286,Mehamn,71.04,27.85,46.4,87,5.82,NO,overcast clouds,0.0,0
287,Ponta Do Sol,32.67,-17.1,73.0,74,4.92,PT,clear sky,0.0,0
288,Hamilton,39.18,-84.53,86.0,54,6.93,US,scattered clouds,0.0,0
289,Seoul,37.57,126.98,66.2,93,3.36,KR,moderate rain,2.03,0
290,Taos,36.41,-105.57,91.4,13,8.05,US,clear sky,0.0,0
291,Abeche,13.83,20.83,87.55,45,3.15,TD,clear sky,0.0,0
292,Pangnirtung,66.15,-65.71,50.0,81,13.87,CA,shower rain,0.0,0
293,San Ramon,37.78,-121.98,98.6,9,8.05,US,clear sky,0.0,0
294,Peterhead,57.51,-1.8,59.0,72,8.05,GB,overcast clouds,0.0,0
295,Alofi,-19.06,-169.92,73.4,88,18.34,NU,broken clouds,0.0,0
296,Lakes Entrance,-37.88,147.98,52.0,98,3.0,AU,light rain,0.16,0
297,Cockburn Town,21.46,-71.14,87.8,62,8.05,TC,scattered clouds,0.0,0
298,Gat,31.61,34.76,78.01,70,1.01,IL,clear sky,0.0,0
299,Tshikapa,-6.42,20.8,75.6,63,1.7,CD,scattered clouds,0.0,0
300,Vila,42.03,-8.16,78.8,54,5.82,PT,clear sky,0.0,0
301,Dire,12.28,-10.97,77.09,87,1.61,ML,light rain,0.88,0
302,Peniche,39.36,-9.38,72.0,84,8.81,PT,clear sky,0.0,0
303,Timra,62.49,17.33,57.2,62,8.05,SE,overcast clouds,0.0,0
304,Pacific Grove,36.62,-121.92,75.2,68,8.05,US,clear sky,0.0,0
305,Sokoto,13.06,5.24,77.99,71,12.64,NG,light rain,0.82,0
306,Itoman,26.12,127.67,84.2,83,5.82,JP,scattered clouds,0.0,0
307,Chita,52.03,113.55,59.0,93,2.24,RU,broken clouds,0.0,0
308,Bossangoa,6.49,17.46,72.45,88,2.24,CF,light rain,0.24,0
309,Bilibino,68.05,166.44,62.17,75,0.94,RU,light rain,0.58,0
310,Bocaiuva,-17.11,-43.81,82.4,26,6.26,BR,clear sky,0.0,0
311,Darhan,49.49,105.92,59.34,84,1.39,MN,scattered clouds,0.0,0
312,Andenes,69.31,16.12,51.8,81,4.7,NO,few clouds,0.0,0
313,San Cristobal,7.77,-72.22,87.8,52,6.93,VE,thunderstorm,0.0,0
314,Yar-Sale,66.83,70.83,52.84,94,12.48,RU,light rain,0.37,0
315,Ilulissat,69.22,-51.1,48.2,70,5.82,GL,scattered clouds,0.0,0
316,Porto Empedocle,37.29,13.53,73.99,75,7.0,IT,clear sky,0.0,0
317,Pisco,-13.7,-76.22,66.99,77,10.29,PE,scattered clouds,0.0,0
318,San Patricio,19.22,-104.7,87.8,74,11.41,MX,scattered clouds,0.0,0
319,Dasoguz,41.84,59.97,80.6,39,6.93,TM,clear sky,0.0,0
320,Conde,-7.26,-34.91,78.8,74,10.29,BR,few clouds,0.0,0
321,Mackay,-21.15,149.2,60.8,82,8.05,AU,overcast clouds,0.0,0
322,Camopi,3.17,-52.32,78.85,92,2.28,GF,light rain,0.3,0
323,Finschhafen,-6.6,147.87,78.82,75,9.57,PG,overcast clouds,0.0,0
324,Sobolevo,54.43,31.9,53.96,83,11.97,RU,overcast clouds,0.0,0
325,Tiksi,71.69,128.87,59.45,80,4.29,RU,overcast clouds,0.0,0
326,Chute-Aux-Outardes,49.12,-68.4,78.8,74,6.93,CA,overcast clouds,0.0,0
327,Luwuk,-0.95,122.79,76.48,80,5.1,ID,few clouds,0.0,0
328,Puerto Quijarro,-17.78,-57.77,87.76,38,1.68,BO,overcast clouds,0.0,0
329,Vidim,56.41,103.11,52.66,78,3.74,RU,clear sky,0.0,0
330,Chifeng,42.27,118.96,68.14,69,0.89,CN,overcast clouds,0.0,0
331,Opuwo,-18.06,13.84,54.64,41,5.44,NA,clear sky,0.0,0
332,Baghdad,33.34,44.4,93.2,24,3.36,IQ,clear sky,0.0,0
333,Bac Lieu,9.29,105.72,79.97,84,6.76,VN,overcast clouds,0.0,0
334,Baile Herculane,44.88,22.41,54.81,82,8.32,RO,few clouds,0.0,0
335,Hasaki,35.73,140.83,64.4,100,6.93,JP,broken clouds,0.0,0
336,Hami,42.8,93.45,75.56,36,9.01,CN,scattered clouds,0.0,0
337,Road Town,18.42,-64.62,87.8,70,13.87,VG,scattered clouds,0.0,0
338,Labuhan,-6.88,112.21,75.38,86,7.09,ID,broken clouds,0.0,0
339,Klaksvik,62.23,-6.59,51.8,93,10.29,FO,overcast clouds,0.0,0
340,Cintalapa,16.7,-93.73,83.19,69,8.7,MX,light rain,0.49,0
341,Tabas,33.6,56.92,91.4,16,4.7,IR,scattered clouds,0.0,0
342,Pangody,65.85,74.49,55.04,86,1.5,RU,light rain,0.62,0
343,Faya,18.39,42.45,77.0,23,9.71,SA,clear sky,0.0,0
344,Ketchikan,55.34,-131.65,59.0,77,8.05,US,overcast clouds,0.0,0
345,Ambanja,-13.68,48.45,70.81,83,3.4,MG,few clouds,0.0,0
346,Sindor,62.86,51.89,55.69,74,9.86,RU,broken clouds,0.0,0
347,Geri,35.1,33.42,81.0,74,10.29,CY,clear sky,0.0,0
348,Guerrero Negro,27.98,-114.06,87.15,29,17.4,MX,clear sky,0.0,0
349,Rincon,32.3,-81.24,96.8,41,9.17,US,broken clouds,0.0,0
350,Odweyne,9.41,45.06,76.95,46,17.83,SO,clear sky,0.0,0
351,Tocopilla,-22.09,-70.2,63.57,56,3.87,CL,few clouds,0.0,0
352,Yining,29.04,114.56,74.88,90,0.74,CN,broken clouds,0.0,0
353,Port Moresby,-9.44,147.18,74.8,90,4.9,PG,overcast clouds,0.0,0
354,Coihueco,-36.62,-71.83,51.8,100,8.05,CL,overcast clouds,0.0,0
355,Nanortalik,60.14,-45.24,48.11,85,11.12,GL,light rain,0.67,0
356,Bilma,18.69,12.92,91.02,32,10.89,NE,broken clouds,0.0,0
357,Harbour Breton,47.48,-55.8,59.0,97,16.04,CA,moderate rain,2.28,0
358,Kurumkan,54.3,110.3,62.56,78,0.4,RU,overcast clouds,0.0,0
359,La Antigua,6.72,-76.08,68.13,86,3.11,CO,moderate rain,1.53,0
360,Jizan,17.33,42.67,95.0,56,6.93,SA,scattered clouds,0.0,0
361,Port Blair,11.67,92.75,81.91,80,13.11,IN,overcast clouds,0.0,0
362,Iqaluit,63.75,-68.51,62.6,51,14.99,CA,broken clouds,0.0,0
363,Sao Miguel Do Araguaia,-13.28,-50.16,82.09,37,3.4,BR,clear sky,0.0,0
364,Zyryanka,65.75,150.85,70.54,46,2.59,RU,overcast clouds,0.0,0
365,Pafos,34.77,32.42,77.0,88,6.93,CY,few clouds,0.0,0
366,Komsomolskiy,40.43,71.72,75.2,53,2.24,UZ,overcast clouds,0.0,0
367,Saryagash,41.45,69.17,78.8,41,6.93,KZ,broken clouds,0.0,0
368,Tessalit,20.2,1.01,93.51,25,10.38,ML,scattered clouds,0.0,0
369,Vila Velha,-20.33,-40.29,77.0,73,13.87,BR,broken clouds,0.0,0
370,Bathsheba,13.22,-59.52,84.2,79,10.29,BB,scattered clouds,0.0,0
371,Norman Wells,65.28,-126.83,60.8,77,6.93,CA,broken clouds,0.0,0
372,Portland,45.52,-122.68,73.99,60,5.82,US,broken clouds,0.0,0
373,Altay,47.87,88.12,57.15,58,0.94,CN,overcast clouds,0.0,0
374,Buin,-33.73,-70.75,64.4,55,3.36,CL,haze,0.0,0
375,Ostrovnoy,68.05,39.51,48.11,91,7.07,RU,overcast clouds,0.0,0
376,Iranshahr,27.2,60.68,96.8,15,10.18,IR,clear sky,0.0,0
377,Fort Saint James,54.43,-124.25,55.96,70,2.84,CA,light rain,0.22,0
378,Puerto Madryn,-42.77,-65.04,43.74,57,20.92,AR,clear sky,0.0,0
379,Norvenich,50.8,6.65,66.2,42,4.7,DE,broken clouds,0.0,0
380,Kudat,6.88,116.85,75.2,100,6.73,MY,few clouds,0.0,0
381,Ngaoundere,7.32,13.58,64.78,94,1.36,CM,overcast clouds,0.0,0
382,Longyearbyen,78.22,15.64,46.4,75,2.24,SJ,broken clouds,0.0,0
383,Pringsewu,-5.36,104.97,73.2,89,1.72,ID,overcast clouds,0.0,0
384,Aykhal,66.0,111.5,53.6,76,4.47,RU,broken clouds,0.0,0
385,Vilyuysk,63.76,121.62,67.01,67,2.28,RU,broken clouds,0.0,0
386,Gazanjyk,39.24,55.52,83.52,44,10.07,TM,overcast clouds,0.0,0
387,Shenjiamen,29.96,122.3,77.41,92,16.58,CN,overcast clouds,0.0,0
388,Haileybury,47.45,-79.64,64.4,82,10.29,CA,overcast clouds,0.0,0
389,Jalu,29.03,21.55,77.25,57,16.53,LY,clear sky,0.0,0
390,Golden,39.76,-105.22,93.2,12,11.41,US,shower rain,0.0,0
391,Siderno,38.28,16.3,78.8,83,4.7,IT,few clouds,0.0,0
392,Kruisfontein,-34.0,24.73,55.33,36,10.16,ZA,clear sky,0.0,0
393,Zhicheng,30.3,111.5,71.01,95,0.6,CN,overcast clouds,0.0,0
394,Nemuro,43.32,145.57,54.93,93,7.02,JP,overcast clouds,0.0,0
395,Mirador,-6.37,-44.36,82.63,43,3.27,BR,scattered clouds,0.0,0
396,Iralaya,15.0,-83.23,89.6,70,9.17,HN,scattered clouds,0.0,0
397,Arrecife,28.96,-13.55,73.4,78,19.46,ES,few clouds,0.0,0
398,Te Anau,-45.42,167.72,33.1,93,1.72,NZ,clear sky,0.0,0
399,Rabo De Peixe,37.8,-25.58,69.8,68,9.17,PT,broken clouds,0.0,0
400,Sola,-13.88,167.55,80.42,80,27.96,VU,light rain,0.23,0
401,Kongoussi,13.33,-1.53,90.3,42,16.73,BF,light rain,0.35,0
402,Bardiyah,31.76,25.09,73.94,86,14.85,LY,clear sky,0.0,0
403,Vardo,70.37,31.11,46.4,93,6.93,NO,broken clouds,0.0,0
404,Meulaboh,4.14,96.13,76.28,86,5.12,ID,overcast clouds,0.0,0
405,Cap-Aux-Meules,47.38,-61.86,71.6,88,13.87,CA,few clouds,0.0,0
406,Timbiqui,2.77,-77.67,80.94,77,6.22,CO,broken clouds,0.0,0
407,Honningsvag,70.98,25.97,46.4,93,11.41,NO,broken clouds,0.0,0
408,Grindavik,63.84,-22.43,50.0,93,4.7,IS,light rain,0.0,0
409,Sokoni,-6.43,39.55,77.0,78,4.7,TZ,few clouds,0.0,0
410,Batsfjord,70.63,29.72,46.4,87,5.82,NO,scattered clouds,0.0,0
411,Zeya,53.75,127.27,71.96,77,1.88,RU,overcast clouds,0.0,0
412,Umm Kaddadah,13.6,26.69,84.25,45,20.87,SD,overcast clouds,0.0,0
413,Lyngseidet,69.58,20.22,51.8,87,2.24,NO,broken clouds,0.0,0
414,Cabo San Lucas,22.89,-109.91,93.2,46,11.41,MX,scattered clouds,0.0,0
415,Manaure,11.78,-72.44,87.8,66,17.22,CO,broken clouds,0.0,0
416,Mount Isa,-20.73,139.5,48.2,57,8.05,AU,clear sky,0.0,0
417,Porto Tolle,44.95,12.32,71.01,76,10.11,IT,clear sky,0.0,0
418,Ambon,-3.7,128.18,78.3,86,16.53,ID,light rain,0.54,0
419,Tatarsk,55.22,75.98,56.5,85,7.38,RU,few clouds,0.0,0
420,Salta,-24.79,-65.41,71.6,26,14.99,AR,clear sky,0.0,0
421,Vostok,46.49,135.88,58.68,94,1.7,RU,overcast clouds,0.0,0
422,Kapit,2.02,112.93,72.32,94,0.67,MY,overcast clouds,0.0,0
423,Sacramento,38.47,-121.32,102.0,20,4.7,US,clear sky,0.0,0
424,Broome,42.25,-75.83,82.99,42,8.05,US,few clouds,0.0,0
425,Havoysund,71.0,24.66,53.6,93,11.41,NO,broken clouds,0.0,0
426,Beba,22.44,-79.73,91.4,52,5.82,CU,thunderstorm,0.0,0
427,Baykit,61.67,96.37,55.17,89,1.92,RU,broken clouds,0.0,0
428,Ibiruba,-28.63,-53.09,60.82,96,6.73,BR,broken clouds,0.0,0
429,Minnedosa,50.25,-99.84,78.8,54,9.17,CA,broken clouds,0.0,0
430,Vigrestad,58.57,5.7,53.01,95,1.01,NO,light rain,0.13,0
431,Nizza Monferrato,44.77,8.35,73.0,70,3.6,IT,few clouds,0.0,0
432,Nokaneng,-19.67,22.27,48.34,41,5.5,BW,clear sky,0.0,0
433,San Policarpo,12.18,125.51,78.44,85,5.14,PH,light rain,0.17,0
434,Dehloran,32.69,47.27,93.56,11,10.13,IR,clear sky,0.0,0
435,Moyo,3.66,31.72,64.83,94,3.38,UG,broken clouds,0.0,0
436,Minab,27.15,57.08,93.2,67,6.93,IR,haze,0.0,0
437,Nova Olinda Do Norte,-3.89,-59.09,86.27,64,1.68,BR,broken clouds,0.0,0
438,Isangel,-19.55,169.27,73.4,78,11.41,VU,few clouds,0.0,0
439,Praya,14.92,-23.51,78.8,78,11.41,CV,broken clouds,0.0,0
440,Kropotkin,45.44,40.58,73.0,72,7.34,RU,overcast clouds,0.0,0
441,Shiraoi,42.55,141.35,66.99,100,9.17,JP,light intensity drizzle,0.0,0
442,Mizan Teferi,6.98,35.58,62.2,92,1.32,ET,overcast clouds,0.0,0
443,Namibe,-15.2,12.15,63.03,81,6.53,AO,clear sky,0.0,0
444,Kawalu,-7.38,108.21,71.56,91,1.39,ID,overcast clouds,0.0,0
445,Lucapa,-8.42,20.74,70.09,49,2.44,AO,clear sky,0.0,0
446,Roma,43.21,-75.46,82.4,54,10.29,US,broken clouds,0.0,0
447,Mormugao,15.4,73.8,79.61,83,7.99,IN,moderate rain,1.11,0
448,Santa Isabel Do Rio Negro,-0.41,-65.02,81.01,90,1.97,BR,light rain,0.44,0
449,Tuatapere,-46.13,167.68,39.0,83,3.0,NZ,broken clouds,0.0,0
450,Yomou,7.56,-9.27,69.94,92,1.97,GN,few clouds,0.0,0
451,Kloulklubed,7.04,134.26,77.0,94,3.36,PW,broken clouds,0.0,0
452,Olafsvik,64.89,-23.71,51.37,81,3.42,IS,broken clouds,0.0,0
453,Nova Prata,-28.78,-51.61,63.0,97,2.93,BR,light rain,0.24,0
454,Jasper,37.2,-94.35,88.0,38,9.17,US,clear sky,0.0,0
455,Nara,34.69,135.8,70.0,94,4.7,JP,light rain,0.0,0
456,Manicore,-5.81,-61.3,75.2,94,4.7,BR,light rain,0.0,0
457,Playas,-2.63,-80.38,72.34,85,14.61,EC,overcast clouds,0.0,0
458,Kapoeta,4.77,33.59,72.0,87,3.31,SS,broken clouds,0.0,0
459,Phalodi,27.13,72.37,89.85,55,20.07,IN,scattered clouds,0.0,0
460,Novoagansk,61.94,76.66,53.71,89,4.63,RU,scattered clouds,0.0,0
461,Oksfjord,70.24,22.35,60.8,55,8.05,NO,moderate rain,2.0,0
462,Alice Springs,-23.7,133.88,33.8,74,5.03,AU,clear sky,0.0,0
463,Luau,-10.71,22.22,66.79,35,5.88,AO,few clouds,0.0,0
464,Verkhnevilyuysk,63.45,120.32,64.81,72,3.6,RU,overcast clouds,0.0,0
465,Whitehorse,60.72,-135.05,60.01,62,2.24,CA,broken clouds,0.0,0
466,Ekhabi,53.51,142.97,54.93,88,1.03,RU,overcast clouds,0.0,0
467,Petropavlovsk-Kamchatskiy,53.05,158.65,55.4,100,6.71,RU,overcast clouds,0.0,0
468,Bichura,50.59,107.6,58.03,86,1.16,RU,broken clouds,0.0,0
469,Yenotayevka,47.25,47.03,86.14,30,8.37,RU,clear sky,0.0,0
470,Sueyoshi,31.65,131.02,75.0,83,1.12,JP,fog,0.0,0
471,Puerto Leguizamo,-0.19,-74.78,83.23,73,0.85,CO,light rain,0.3,0
472,Sammamish,47.64,-122.08,68.0,63,8.05,US,scattered clouds,0.0,0
473,Kapuskasing,49.42,-82.43,59.0,82,16.11,CA,overcast clouds,0.0,0
474,Vogar,63.98,-22.39,50.0,93,4.7,IS,broken clouds,0.0,0
475,Watrous,51.67,-105.47,72.95,63,7.14,CA,overcast clouds,0.0,0
476,Karratha,-20.74,116.85,60.12,32,13.76,AU,scattered clouds,0.0,0
477,Karasjok,69.47,25.51,50.0,81,12.75,NO,few clouds,0.0,0
478,Ewa Beach,21.32,-158.01,84.2,54,9.17,US,broken clouds,0.0,0
479,Cairns,-16.92,145.77,69.8,83,10.29,AU,overcast clouds,0.0,0
480,Mansa,29.98,75.38,87.98,57,4.43,IN,light rain,0.77,0
481,Linhares,-19.39,-40.07,70.14,75,5.91,BR,clear sky,0.0,0
482,Ojinaga,29.57,-104.42,105.8,6,16.11,MX,clear sky,0.0,0
483,Novyy Urengoy,66.08,76.63,58.23,74,8.63,RU,light rain,0.29,0
484,Kula,38.55,28.65,75.99,44,10.0,TR,clear sky,0.0,0
485,Barabai,-2.58,115.38,73.29,95,1.57,ID,light rain,0.27,0
486,Sheregesh,52.92,87.99,54.59,92,1.43,RU,broken clouds,0.0,0
487,Haines Junction,60.75,-137.51,62.91,43,8.99,CA,overcast clouds,0.0,0
488,Canchungo,12.07,-16.03,77.0,100,2.24,GW,broken clouds,0.0,0
489,Narayanavanam,13.42,79.58,80.76,77,5.41,IN,moderate rain,3.06,0
490,Areosa,41.72,-8.86,80.01,47,9.17,PT,clear sky,0.0,0
491,Ponta Delgada,37.73,-25.67,69.8,68,9.17,PT,broken clouds,0.0,0
492,Bombay,19.01,72.85,78.8,100,3.36,IN,light rain,0.0,0
493,Dukat,62.55,155.55,61.79,54,2.3,RU,clear sky,0.0,0
494,Inverness,57.48,-4.22,63.0,72,6.93,GB,moderate rain,1.02,0
495,Ayolas,-27.4,-56.9,64.87,88,5.97,PY,overcast clouds,0.0,0
496,Sorong,-0.88,131.25,76.03,86,8.52,ID,clear sky,0.0,0
497,Hailey,43.52,-114.32,82.4,18,13.87,US,clear sky,0.0,0
498,Thakurgaon,26.03,88.47,78.78,90,5.14,BD,light rain,0.31,0
499,Texarkana,33.43,-94.05,91.4,46,3.36,US,scattered clouds,0.0,0
500,Bonoua,5.27,-3.6,77.0,88,5.82,CI,few clouds,0.0,0
501,Zhangye,38.93,100.45,75.54,29,4.56,CN,overcast clouds,0.0,0
502,Thunder Bay,48.4,-89.32,77.0,50,6.93,CA,scattered clouds,0.0,0
503,Klichka,50.45,118.0,60.06,87,1.7,RU,overcast clouds,0.0,0
504,Kamaishi,39.27,141.88,62.17,85,4.0,JP,scattered clouds,0.0,0
505,Westport,41.14,-73.36,89.01,48,13.87,US,clear sky,0.0,0
506,Viedma,-40.81,-63.0,43.12,59,15.61,AR,clear sky,0.0,0
507,Chiredzi,-21.05,31.67,55.51,68,4.41,ZW,clear sky,0.0,0
508,Ngunguru,-35.62,174.5,53.01,3,1.99,NZ,few clouds,0.0,0
509,Lola,7.8,-8.53,71.65,88,2.82,GN,light rain,0.11,0
510,Freetown,8.48,-13.23,76.17,88,8.77,SL,light rain,0.59,0
511,Kieta,-6.22,155.63,80.2,76,4.34,PG,light rain,0.21,0
512,Antsohihy,-14.88,47.99,69.15,70,6.8,MG,clear sky,0.0,0
513,Sao Filipe,14.9,-24.5,74.53,79,6.4,CV,scattered clouds,0.0,0
514,Walvis Bay,-22.96,14.51,55.0,93,4.7,NA,clear sky,0.0,0
515,Trairi,-3.28,-39.27,77.54,79,12.01,BR,light rain,0.68,0
516,Kalabo,-14.97,22.68,57.9,35,7.02,ZM,clear sky,0.0,0
517,Bulawayo,-20.15,28.58,46.56,53,10.31,ZW,clear sky,0.0,0
518,Ajdabiya,30.76,20.23,73.69,80,12.44,LY,clear sky,0.0,0
519,Bow Island,49.87,-111.37,77.0,36,23.04,CA,broken clouds,0.0,0
520,Bowen,-20.02,148.23,66.99,90,11.25,AU,overcast clouds,0.0,0
521,Roi Et,16.06,103.65,81.34,76,5.46,TH,light rain,0.24,0
522,Alekseyevsk,57.84,108.35,59.07,73,2.04,RU,broken clouds,0.0,0
523,Lerwick,60.15,-1.15,51.8,93,6.93,GB,overcast clouds,0.0,0
524,Dubti,11.74,41.09,95.86,24,2.55,ET,scattered clouds,0.0,0
525,Yeppoon,-23.13,150.73,60.8,77,10.29,AU,broken clouds,0.0,0
526,Meadow Lake,34.8,-106.54,102.99,11,11.7,US,broken clouds,0.0,0
527,Vicosa,-20.75,-42.88,64.18,74,7.23,BR,overcast clouds,0.0,0
528,Basco,20.45,121.97,84.42,79,12.15,PH,moderate rain,1.73,0
529,Dhidhdhoo,6.88,73.1,83.12,72,5.48,MV,light rain,0.32,0
530,Port Macquarie,-31.43,152.92,42.01,100,1.12,AU,clear sky,0.0,0
531,Phek,25.67,94.5,62.17,100,0.6,IN,overcast clouds,0.0,0
532,Puri,19.8,85.85,78.8,100,10.6,IN,haze,0.0,0
533,Toccoa,34.58,-83.33,91.4,41,6.93,US,clear sky,0.0,0
534,Nanyuki,0.02,37.07,56.86,81,9.37,KE,scattered clouds,0.0,0
535,Asyut,27.18,31.18,84.78,21,11.79,EG,clear sky,0.0,0
536,Yuci,37.68,112.73,64.4,88,2.24,CN,broken clouds,0.0,0
537,Aracuai,-16.85,-42.07,73.2,51,4.45,BR,clear sky,0.0,0
538,Zlitan,32.47,14.57,75.52,78,5.68,LY,clear sky,0.0,0
539,Stepnyak,52.83,70.78,60.6,78,6.06,KZ,clear sky,0.0,0
540,Mogok,22.92,96.5,66.99,100,3.98,MM,light rain,0.46,0
541,Champerico,14.3,-91.92,89.6,62,9.17,GT,scattered clouds,0.0,0
542,Big Spring,32.25,-101.48,104.0,16,14.99,US,clear sky,0.0,0
543,Rosarito,32.33,-117.03,88.0,29,18.34,MX,scattered clouds,0.0,0
544,Derzhavinsk,51.1,66.32,69.13,72,9.73,KZ,broken clouds,0.0,0
545,Flin Flon,54.77,-101.86,75.2,60,10.29,CA,broken clouds,0.0,0
546,Marsh Harbour,26.54,-77.06,79.74,74,11.23,BS,overcast clouds,0.0,0
547,Avera,33.19,-82.53,93.2,41,6.93,US,clear sky,0.0,0
548,Tilichiki,60.47,166.1,50.18,96,5.1,RU,overcast clouds,0.0,0
549,Idil,37.34,41.89,82.99,23,5.23,TR,broken clouds,0.0,0
550,Nantucket,41.28,-70.1,80.01,78,14.99,US,clear sky,0.0,0
551,Kenai,60.55,-151.26,55.4,100,8.05,US,light rain,0.25,0
552,Aden,12.78,45.04,87.21,72,10.58,YE,broken clouds,0.0,0
553,Forbes,-33.38,148.02,40.26,95,3.62,AU,overcast clouds,0.0,0
554,Tabuk,17.42,121.44,74.14,86,2.86,PH,overcast clouds,0.0,0
555,Vyara,21.12,73.4,79.63,84,9.84,IN,few clouds,0.0,0
556,Sangar,63.92,127.47,67.78,91,2.64,RU,few clouds,0.0,0
557,Port Hardy,50.7,-127.42,55.4,93,6.93,CA,broken clouds,0.0,0
558,Tiarei,-17.53,-149.33,84.2,62,3.36,PF,scattered clouds,0.0,0
559,Gayny,60.31,54.32,59.56,75,4.81,RU,scattered clouds,0.0,0
560,Aksu,41.12,80.26,73.17,35,3.42,CN,few clouds,0.0,0
561,Grand Gaube,-20.01,57.66,72.0,72,8.99,MU,light rain,0.13,0
562,Wiarton,44.74,-81.13,71.01,83,5.82,CA,broken clouds,0.0,0
563,Yerofey Pavlovich,53.97,121.97,67.64,63,2.91,RU,scattered clouds,0.0,0
564,Iskateley,67.68,53.15,45.5,89,14.2,RU,overcast clouds,0.0,0
565,Laredo,27.51,-99.51,102.2,35,9.17,US,clear sky,0.0,0
566,Conakry,9.54,-13.68,77.29,88,13.44,GN,moderate rain,2.75,0
567,Oum Hadjer,13.3,19.7,88.95,42,6.15,TD,clear sky,0.0,0
568,Arman,59.7,150.17,61.59,73,2.33,RU,clear sky,0.0,0
